policy_id,annual_revenue,risk_level,claims_count,claims_amount,earned_premium
B0001,10601588,low,0,668695,8992
B0002,4099834,high,0,699500,13424
B0003,10644581,high,0,104126,12381
B0004,17681412,medium,0,735733,27558
B0005,4564507,low,0,601946,12782
B0006,5299489,low,0,165912,29944
B0007,4182132,low,0,817439,15460
B0008,4440863,high,0,974451,27462
B0009,14435230,medium,0,631121,10983
B0010,8986322,medium,2,118637,22182
B0011,7637448,low,1,907153,10523
B0012,12427391,high,0,617508,17677
B0013,8135580,low,0,26393,18292
B0014,14155197,medium,0,581768,23089
B0015,1144375,high,1,903675,12581
B0016,6713948,low,0,874722,19907
B0017,5229491,low,0,479551,13609
B0018,6183584,high,0,890695,26385
B0019,6911993,medium,1,664467,25771
B0020,19295776,high,0,521397,19375
B0021,2894420,low,1,792425,25414
B0022,8069222,low,1,93650,17957
B0023,18319013,low,0,758685,20955
B0024,12926106,low,0,518196,9220
B0025,7557642,medium,0,904027,21163
B0026,6436526,medium,0,52066,21289
B0027,19573434,low,0,373994,20537
B0028,15387810,medium,0,829374,17810
B0029,1552226,medium,1,16138,17455
B0030,8514782,medium,0,118558,17063
B0031,10669504,low,0,258480,8834
B0032,8707690,high,0,437743,9724
B0033,8003621,high,0,271334,10413
B0034,11429011,high,1,878691,17505
B0035,4803074,low,0,78422,12498
B0036,8416510,medium,0,711058,10105
B0037,13534834,medium,0,606603,10568
B0038,15036865,low,0,29086,17330
B0039,8467133,low,2,934826,24593
B0040,2778244,high,0,125604,12911
B0041,12530145,high,1,887246,26604
B0042,2180859,low,0,119324,24617
B0043,13976357,high,0,476785,8792
B0044,7733214,medium,0,740970,22195
B0045,2980425,low,1,391065,21901
B0046,8441521,low,0,3435,23762
B0047,9077813,medium,1,887937,27494
B0048,8694420,medium,1,839763,26550
B0049,16269936,medium,0,160014,16526
B0050,10850350,high,1,714995,23898
B0051,17399173,low,0,422275,29577
B0052,3941616,high,0,712917,9214
B0053,6604297,medium,0,375601,28803
B0054,16983597,high,0,838821,23346
B0055,19856153,medium,3,839446,8212
B0056,13129980,high,0,426042,9658
B0057,19132313,high,0,292441,20270
B0058,19832613,medium,1,568178,22029
B0059,10636094,high,0,283466,13024
B0060,11815723,low,1,560027,21039
B0061,11337305,high,0,402935,13141
B0062,14608519,high,2,603841,26178
B0063,2079037,low,0,8314,13988
B0064,13341518,medium,1,618119,21777
B0065,5151951,low,0,861596,13578
B0066,4155200,high,0,369802,29935
B0067,18632911,medium,0,863460,23051
B0068,17889252,high,0,822545,11845
B0069,11773427,high,0,641462,19882
B0070,1889694,low,0,146429,22247
B0071,18367564,low,0,229937,19484
B0072,16999863,medium,2,544653,8378
B0073,8695082,medium,0,301173,11293
B0074,10297729,medium,0,263881,27713
B0075,11528922,high,0,393186,29192
B0076,5066981,low,1,729992,19630
B0077,5467801,low,0,609762,21660
B0078,11598073,low,0,340362,24608
B0079,11514237,medium,0,779966,8737
B0080,19960741,low,0,158571,24619
B0081,13463277,low,2,765387,20470
B0082,1693464,low,1,241474,25095
B0083,10107338,medium,1,128692,24117
B0084,2577415,low,0,762790,22779
B0085,5262663,medium,0,701517,26272
B0086,4593824,low,1,973751,25643
B0087,16872628,low,0,390555,29630
B0088,2358356,low,0,172106,15271
B0089,19292935,medium,1,294,25132
B0090,1837566,medium,0,811028,20178
B0091,7642516,low,0,98185,27935
B0092,10545151,high,0,797866,22490
B0093,9483063,medium,0,58382,21863
B0094,9123155,medium,0,300242,9823
B0095,19001197,low,0,528943,14852
B0096,3336798,high,0,607317,21072
B0097,16516252,low,1,308372,19133
B0098,19935560,medium,0,3771,23111
B0099,18612381,medium,1,336243,28616
B0100,14395337,low,1,645099,14519
B0101,19511644,low,0,974303,9777
B0102,4822069,high,0,848689,25606
B0103,11432291,high,1,803990,22772
B0104,4144787,medium,0,320580,21621
B0105,9346988,high,1,107779,19859
B0106,12641380,high,0,649179,26161
B0107,10942357,medium,0,779085,17496
B0108,11666822,medium,0,485319,15490
B0109,8992726,medium,0,778760,29243
B0110,19943719,medium,0,556664,16893
B0111,9045391,low,0,480674,10989
B0112,9622693,medium,0,77924,16343
B0113,10146779,medium,2,553620,25709
B0114,1498095,medium,1,393145,19914
B0115,11556069,high,0,571025,29511
B0116,10879032,medium,1,393056,16998
B0117,13061944,low,0,89031,10722
B0118,12151870,low,1,467186,12656
B0119,12113050,medium,1,183024,25709
B0120,4330263,low,0,283135,12133
B0121,14618777,high,0,27472,27253
B0122,14911580,medium,0,59946,9242
B0123,4665842,low,1,498782,16539
B0124,12126576,low,0,944353,9831
B0125,3791338,medium,0,263685,25953
B0126,11574811,low,0,653525,15246
B0127,12300059,medium,0,2765,26302
B0128,15413188,low,1,305218,11232
B0129,11689065,high,1,364939,11758
B0130,12841158,low,0,684643,13997
B0131,9234025,low,0,625675,26739
B0132,4945123,medium,1,775404,18972
B0133,11943336,low,0,493377,23368
B0134,5768026,medium,0,918273,9824
B0135,5836161,high,2,673166,18683
B0136,19557464,medium,0,789404,12060
B0137,7126664,medium,0,673616,29708
B0138,11996634,low,0,366047,8404
B0139,8709824,high,0,518790,26105
B0140,15375753,medium,0,149725,29700
B0141,19957235,low,2,627867,19017
B0142,18557173,low,0,479885,11845
B0143,2913980,medium,0,39339,28594
B0144,2507394,low,0,418973,19384
B0145,3979845,medium,1,889808,24448
B0146,3712188,medium,0,304543,17491
B0147,9642873,medium,0,830445,21112
B0148,5713797,high,0,407922,19785
B0149,15844468,medium,0,955735,8968
B0150,1910913,low,0,552197,8368
B0151,3057017,high,0,518993,16424
B0152,1653817,low,0,994135,10242
B0153,18773649,high,1,712932,29386
B0154,7555851,high,0,479095,11083
B0155,5108949,high,0,981271,21322
B0156,14157587,high,0,157541,9469
B0157,16216576,low,0,132385,12725
B0158,8138512,medium,0,401063,12259
B0159,10886458,low,0,967726,11622
B0160,8567476,medium,0,992206,18292
B0161,10335411,low,1,141002,25207
B0162,4486444,high,1,3285,11431
B0163,8163357,high,0,385781,12151
B0164,11484206,medium,0,560151,12213
B0165,6509165,medium,0,147776,23235
B0166,5873014,low,1,936209,16989
B0167,18245514,medium,2,655915,8779
B0168,5330453,low,0,545611,23351
B0169,18347519,medium,0,333112,19042
B0170,10377259,medium,2,984426,27276
B0171,6170988,medium,1,53915,13534
B0172,4317657,high,0,371687,11306
B0173,4336640,high,0,665979,10902
B0174,16526398,low,0,203462,21391
B0175,6000738,medium,1,784278,11718
B0176,3660891,low,0,894932,8021
B0177,16173091,medium,0,507553,9500
B0178,16978042,high,0,976778,17034
B0179,15514418,high,0,466389,23799
B0180,3192271,medium,0,938729,11641
B0181,16533326,medium,0,373410,29596
B0182,17071416,high,0,813171,8191
B0183,6236441,high,0,440924,21306
B0184,12420970,low,1,652329,21414
B0185,6831052,high,0,53019,16587
B0186,10978954,medium,0,207226,29498
B0187,14685713,low,0,233169,12662
B0188,13823529,medium,0,531661,12326
B0189,4254449,low,1,690641,17065
B0190,9994006,medium,1,544475,28719
B0191,10976122,high,0,854295,18471
B0192,6271810,medium,1,622215,20641
B0193,5935371,low,0,762473,17196
B0194,1260102,medium,1,346229,20726
B0195,17091184,low,0,117996,29878
B0196,6818528,medium,0,563508,23651
B0197,9214372,high,0,392647,16536
B0198,9536239,high,0,515971,27095
B0199,2343054,medium,0,531930,20944
B0200,11722305,medium,0,79971,14273
